{"rotation": [-0.05462911327033926, -0.9984777625626976, -0.007603791888629474, -0.9874586788380851, 0.05289341666840275, 0.14875363545300668, -0.1481250065675602, 0.01563470949304284, -0.9888450527198023], "translation": [0.4834297682254263, -0.07321324582618212, 0.6348320663926821]}