{"rotation": [0.025753902044874155, -0.9981820879142812, 0.054490879021619566, -0.9947488321439507, -0.020187996240201844, 0.10033546609276066, -0.09905300337551068, -0.05678876803463316, -0.9934603858973944], "translation": [0.375518719169482, -0.00273844232793079, 0.6655694577002258]}